"Row_Name","Nose_Poke #1: On","Tray #1: On","Nose_Poke #1: Off","Tray #1: Off"
"N","884","312","879","313"
"Mean","4.057","11.494","4.079","11.478"
"Median","0.403","6.299","0.375","6.243"
"Mode","0.299","1.317, 1.094","0.240","6.322, 4.313, 2.786, 7.172, 6.845"
"SD","15.818","25.294","15.893","25.088"
"Min","0.029","0.059","0.043","0.150"
"Max","271.646","273.728","271.989","270.838"
"Blank",,,,
"1","0.450","1.392","0.209","4.330"
"2","1.289","4.902","1.423","11.507"
"3","4.378","11.609","4.227","7.785"
"4","0.374","8.472","0.359","9.027"
"5","0.239","8.612","0.300","6.558"
"6","11.116","6.018","11.085","7.426"
"7","0.269","7.321","0.269","5.482"
"8","0.224","5.646","0.239","6.817"
"9","8.053","6.862","8.099","6.965"
"10","0.300","6.918","0.238","5.522"
"11","0.268","5.972","0.179","7.174"
"12","7.757","7.249","7.862","10.587"
"13","0.210","10.170","0.195","6.861"
"14","0.284","7.127","0.539","7.849"
"15","5.808","8.091","5.463","8.153"
"16","0.164","7.777","0.195","10.834"
"17","0.195","10.863","0.314","7.116"
"18","7.036","7.355","6.841","7.162"
"19","0.135","6.771","0.119","5.658"
"20","0.074","5.538","0.090","5.298"
"21","0.075","5.494","0.210","5.680"
"22","0.195","5.829","0.073","6.069"
"23","5.003","5.814","5.033","5.603"
"24","0.149","5.978","0.225","5.403"
"25","0.225","5.407","0.298","5.948"
"26","0.283","5.855","0.075","5.628"
"27","0.045","5.566","0.044","7.186"
"28","6.157","7.277","6.233","5.659"
"29","0.210","5.570","0.254","4.924"
"30","0.255","5.405","0.314","4.973"
"31","6.754","4.238","6.694","5.211"
"32","0.224","5.210","0.284","5.649"
"33","5.073","5.770","5.492","6.322"
"34","0.718","6.278","0.240","6.097"
"35","0.209","6.722","0.194","6.063"
"36","6.157","6.052","6.262","6.022"
"37","0.373","5.539","0.703","4.774"
"38","0.659","4.600","0.298","5.366"
"39","9.584","5.453","9.466","5.541"
"40","0.105","5.257","0.060","4.793"
"41","0.149","5.226","0.179","5.632"
"42","0.151","5.501","0.254","6.834"
"43","0.328","7.399","0.240","6.454"
"44","6.186","6.321","6.170","5.408"
"45","0.088","5.779","0.239","6.241"
"46","0.254","5.824","0.254","5.875"
"47","0.433","5.335","0.448","4.819"
"48","7.521","4.759","7.611","5.363"
"49","0.375","5.512","0.284","2.020"
"50","0.269","1.765","0.044","4.777"
"51","0.059","5.407","0.164","4.880"
"52","7.014","4.654","7.567","8.569"
"53","0.763","8.497","0.195","5.699"
"54","9.933","5.995","10.532","5.512"
"55","0.763","5.408","0.165","5.710"
"56","0.135","5.399","0.134","4.183"
"57","6.322","4.107","6.413","4.628"
"58","0.254","5.004","0.508","2.173"
"59","0.509","1.288","0.180","4.121"
"60","0.299","5.875","0.283","8.993"
"61","6.024","8.781","6.068","5.524"
"62","0.209","9.715","0.239","9.327"
"63","0.254","4.552","0.270","5.409"
"64","0.239","5.262","0.194","6.828"
"65","5.014","6.839","4.894","6.180"
"66","0.150","9.329","0.433","7.312"
"67","0.433","5.615","0.210","6.095"
"68","4.699","4.884","5.103","6.652"
"69","0.733","6.249","0.344","5.115"
"70","4.918","4.932","5.216","4.316"
"71","0.479","4.361","0.284","4.312"
"72","0.239","4.643","0.359","6.606"
"73","5.335","6.605","5.468","5.900"
"74","0.492","6.423","0.224","7.997"
"75","5.110","7.503","5.560","5.093"
"76","0.749","4.960","0.314","5.329"
"77","0.298","5.330","0.239","4.360"
"78","4.400","4.209","4.789","4.583"
"79","0.599","4.568","0.270","5.149"
"80","0.225","6.112","0.164","7.536"
"81","0.268","6.873","0.181","4.312"
"82","4.871","4.100","5.228","5.103"
"83","0.449","5.181","0.209","4.557"
"84","0.283","4.627","0.223","4.655"
"85","0.283","5.198","0.194","6.201"
"86","4.655","6.024","4.729","5.469"
"87","0.209","5.255","0.298","6.128"
"88","0.299","5.950","0.270","5.215"
"89","0.194","5.498","0.253","4.776"
"90","6.528","4.971","6.485","5.063"
"91","0.539","5.483","0.419","5.305"
"92","0.193","4.285","0.357","5.838"
"93","4.941","5.852","4.867","4.252"
"94","0.240","4.703","0.283","4.476"
"95","0.209","4.265","0.180","4.389"
"96","0.344","4.298","0.253","4.355"
"97","4.534","4.866","4.836","4.865"
"98","0.389","4.627","0.435","5.466"
"99","0.433","6.964","0.149","7.350"
"100","3.594","5.808","3.639","5.015"
"101","0.240","4.640","0.479","4.328"
"102","0.524","4.614","0.134","4.596"
"103","4.388","4.490","4.926","4.091"
"104","0.644","4.135","0.134","4.553"
"105","0.118","5.242","0.134","6.842"
"106","4.887","6.243","5.050","4.297"
"107","0.298","4.386","0.360","4.612"
"108","0.330","4.506","0.090","4.684"
"109","0.270","4.475","0.239","4.385"
"110","5.482","4.853","5.603","5.841"
"111","0.225","5.464","0.284","4.581"
"112","0.224","4.908","0.180","4.504"
"113","0.359","4.101","0.240","4.149"
"114","5.241","4.152","6.227","5.809"
"115","1.121","6.634","0.255","4.884"
"116","0.255","4.163","0.253","5.644"
"117","4.761","6.375","5.331","5.212"
"118","0.809","31.668","0.224","32.984"
"119","0.269","6.661","0.225","5.704"
"120","0.164","5.031","0.135","4.701"
"121","0.166","4.644","0.150","6.322"
"122","4.552","24.868","4.896","24.356"
"123","0.477","5.855","0.299","5.632"
"124","0.389","33.384","0.298","29.744"
"125","3.967","0.254","4.207","4.312"
"126","0.420","6.588","0.256","5.778"
"127","0.286","7.439","0.150","7.157"
"128","4.824","13.968","4.960","10.986"
"129","0.254","5.151","0.329","9.057"
"130","0.359","7.500","0.134","7.460"
"131","4.716","17.399","4.850","18.636"
"132","0.285","7.558","0.421","2.786"
"133","4.582","2.080","4.447","4.745"
"134","0.271","5.631","0.614","6.139"
"135","0.569","5.720","0.179","5.029"
"136","4.735","5.838","5.216","7.444"
"137","0.854","7.307","0.299","7.372"
"138","6.218","9.257","6.817","7.258"
"139","0.793","18.932","0.314","22.082"
"140","0.343","9.720","0.269","8.100"
"141","5.047","13.401","5.062","12.755"
"142","0.224","6.587","0.778","6.126"
"143","0.824","18.813","0.269","15.919"
"144","0.254","0.193","0.194","0.179"
"145","4.165","0.254","4.913","4.882"
"146","0.897","6.573","0.240","4.943"
"147","0.194","4.959","0.178","5.663"
"148","0.165","5.846","0.434","6.519"
"149","5.734","6.350","5.629","4.732"
"150","0.434","4.866","0.209","5.403"
"151","4.646","6.151","5.140","6.764"
"152","0.613","7.596","0.074","6.402"
"153","0.074","113.345","0.120","115.473"
"154","4.131","20.262","4.550","20.623"
"155","0.598","8.227","0.163","4.586"
"156","4.733","52.818","5.286","58.285"
"157","2.035","9.033","1.737","5.674"
"158","0.389","5.632","0.223","2.397"
"159","4.447","1.706","4.627","4.718"
"160","0.418","5.961","0.240","5.615"
"161","0.314","5.364","0.224","6.203"
"162","0.194","86.502","0.283","90.872"
"163","0.209","10.390","0.120","6.587"
"164","3.742","6.167","3.742","5.705"
"165","0.494","5.739","0.597","6.037"
"166","0.223","6.606","0.150","6.086"
"167","0.134","5.979","0.120","4.629"
"168","7.896","4.449","8.000","6.577"
"169","0.256","6.967","0.225","7.172"
"170","0.254","10.290","0.284","9.317"
"171","5.156","9.343","5.187","9.034"
"172","0.298","8.662","0.254","10.425"
"173","0.299","67.960","0.298","62.746"
"174","0.269","0.179","0.254","0.269"
"175","4.704","0.852","4.718","1.379"
"176","0.343","0.945","0.330","6.591"
"177","0.269","8.526","0.375","7.295"
"178","5.009","7.235","4.842","6.323"
"179","0.254","9.768","0.360","9.844"
"180","0.240","8.254","0.180","7.957"
"181","3.582","7.596","3.584","6.845"
"182","0.211","9.480","0.435","11.917"
"183","4.524","26.807","4.598","26.718"
"184","0.524","7.394","0.449","5.765"
"185","1.468","5.737","1.319","4.762"
"186","4.182","6.321","4.151","8.974"
"187","0.269","7.868","0.404","6.622"
"188","0.404","6.782","0.300","6.441"
"189","0.255","6.771","1.048","8.701"
"190","9.302","8.149","8.464","6.336"
"191","0.269","6.662","0.301","5.885"
"192","8.908","5.542","9.235","6.199"
"193","0.642","7.470","0.269","6.917"
"194","0.240","15.383","0.240","12.163"
"195","3.670","0.779","3.668","7.589"
"196","0.283","9.279","0.300","2.544"
"197","0.284","1.317","0.299","6.857"
"198","0.239","8.492","0.180","6.276"
"199","4.574","6.960","4.602","3.366"
"200","0.238","0.688","0.209","4.959"
"201","0.240","7.865","0.375","7.777"
"202","0.298","19.084","0.134","20.349"
"203","6.016","9.878","6.016","9.461"
"204","0.210","111.608","0.569","111.894"
"205","0.493","7.383","0.060","6.845"
"206","0.180","6.336","0.223","5.737"
"207","8.204","6.411","8.385","6.243"
"208","0.314","6.498","0.509","6.364"
"209","0.509","8.790","0.240","8.596"
"210","0.286","5.959","0.209","5.868"
"211","5.076","8.984","5.151","8.944"
"212","0.253","7.789","0.254","6.709"
"213","0.269","7.130","0.178","7.934"
"214","3.805","5.823","3.766","5.228"
"215","0.269","8.593","0.489","10.704"
"216","0.330","9.626","0.599","7.604"
"217","5.993","5.824","5.528","7.172"
"218","0.120","33.042","0.211","28.983"
"219","0.271","0.915","0.375","9.500"
"220","0.300","10.711","0.088","2.486"
"221","4.423","2.005","4.468","7.472"
"222","0.194","8.419","0.283","6.831"
"223","0.223","11.407","0.240","12.965"
"224","4.002","8.340","3.956","5.943"
"225","0.194","7.878","0.240","7.414"
"226","0.239","6.698","0.134","3.792"
"227","3.924","0.299","3.834","8.048"
"228","0.149","10.654","0.360","6.398"
"229","0.314","7.116","0.284","8.938"
"230","0.269","9.286","0.149","9.019"
"231","5.961","11.663","5.947","10.090"
"232","0.180","12.051","0.420","11.393"
"233","0.435","273.728","0.298","270.838"
"234","5.091","1.346","5.018","0.328"
"235","0.151","0.733","0.642","1.288"
"236","0.687","14.577","0.270","10.278"
"237","0.298","0.059","0.253","4.717"
"238","0.150","12.963","0.060","10.659"
"239","0.060","1.095","0.179","2.590"
"240","6.649","1.050","6.651","0.869"
"241","0.239","3.610","0.283","1.529"
"242","0.284","1.005","0.269","3.579"
"243","0.254","13.031","0.283","10.368"
"244","4.360","9.974","4.240","10.485"
"245","0.134","10.852","0.270","8.931"
"246","0.254","7.713","0.343","8.435"
"247","4.850","10.057","4.640","11.778"
"248","0.223","8.960","0.329","6.699"
"249","0.240","23.572","0.194","9.302"
"250","0.194","9.819","0.120","25.978"
"251","3.790","6.070","3.761","6.787"
"252","0.120","5.518","0.463","5.201"
"253","0.448","7.521","0.134","6.415"
"254","3.983","19.135","4.088","6.228"
"255","0.209","7.570","0.045","21.317"
"256","0.061","0.539","0.418","2.786"
"257","4.880","11.425","4.537","5.842"
"258","0.119","1.317","0.210","5.748"
"259","0.284","13.918","0.343","6.999"
"260","0.254","10.764","0.285","11.815"
"261","0.360","8.312","0.300","11.726"
"262","0.285","239.713","0.463","7.907"
"263","6.634","13.239","6.679","244.264"
"264","0.463","14.135","0.104","14.003"
"265","3.519","18.344","3.549","11.409"
"266","0.074","13.380","0.223","21.284"
"267","0.283","12.697","0.389","11.637"
"268","4.626","1.094","4.475","5.273"
"269","0.193","13.378","0.463","8.538"
"270","0.598","2.887","0.284","5.766"
"271","3.822","12.704","3.867","9.195"
"272","0.239","10.453","0.254","11.713"
"273","0.238","1.094","0.387","5.407"
"274","4.298","15.409","4.313","6.351"
"275","0.493","11.896","0.344","15.067"
"276","0.331","1.003","0.316","6.740"
"277","0.283","19.660","0.313","6.142"
"278","4.927","1.317","5.332","14.731"
"279","0.705","16.543","0.435","7.081"
"280","0.585","9.465","0.269","16.876"
"281","4.149","38.010","4.509","10.569"
"282","0.449","11.443","0.448","37.338"
"283","0.418","94.969","0.134","7.967"
"284","0.224","2.634","0.179","92.469"
"285","5.064","0.702","5.124","1.751"
"286","0.225","0.583","0.331","0.448"
"287","0.240","37.666","0.269","9.888"
"288","4.750","0.867","4.525","28.391"
"289","0.091","10.184","0.135","6.514"
"290","0.163","11.824","0.763","5.119"
"291","0.883","136.978","0.254","18.237"
"292","3.879","1.391","4.177","130.537"
"293","0.494","0.704","0.374","1.121"
"294","0.238","0.269","0.389","0.599"
"295","4.615","1.152","4.690","0.807"
"296","0.479","0.780","0.284","0.794"
"297","0.629","0.164","0.509","0.419"
"298","0.164","24.688","0.059","11.304"
"299","3.507","0.748","3.596","14.119"
"300","0.178","0.344","0.210","0.463"
"301","0.254","0.300","0.330","0.150"
"302","5.419","0.134","5.793","0.194"
"303","0.658","45.233","0.163","12.792"
"304","3.594","20.525","4.012","40.271"
"305","0.657","10.449","0.330","18.174"
"306","0.284","4.028","0.389","5.358"
"307","3.609","11.710","3.444","8.822"
"308","0.240","0.778","0.268","7.275"
"309","0.283","102.849","0.464","7.074"
"310","3.804","13.011","3.804","100.508"
"311","0.464","39.662","0.389","9.853"
"312","3.980","13.971","4.131","46.880"
"313","0.494",,"0.375","12.152"
"314","0.433",,"0.283",
"315","0.240",,"0.223",
"316","3.714",,"3.939",
"317","0.447",,"0.508",
"318","5.873",,"5.677",
"319","0.342",,"0.359",
"320","0.315",,"0.328",
"321","0.298",,"0.060",
"322","0.059",,"0.059",
"323","0.075",,"0.120",
"324","0.090",,"0.045",
"325","0.254",,"0.495",
"326","5.193",,"5.552",
"327","0.702",,"0.149",
"328","0.180",,"0.164",
"329","3.803",,"3.937",
"330","0.223",,"0.465",
"331","4.150",,"4.163",
"332","0.524",,"0.284",
"333","0.253",,"0.298",
"334","3.938",,"3.908",
"335","0.268",,"0.240",
"336","0.255",,"0.433",
"337","3.461",,"3.507",
"338","0.509",,"0.269",
"339","0.254",,"0.375",
"340","0.089",,"3.701",
"341","3.730",,"0.538",
"342","0.269",,"0.239",
"343","0.524",,"0.254",
"344","0.269",,"0.449",
"345","0.240",,"5.569",
"346","5.644",,"0.314",
"347","0.403",,"0.403",
"348","0.254",,"3.443",
"349","3.668",,"0.298",
"350","0.209",,"0.568",
"351","0.284",,"3.625",
"352","3.938",,"0.598",
"353","0.298",,"0.343",
"354","0.718",,"3.787",
"355","3.697",,"0.509",
"356","0.254",,"0.119",
"357","0.448",,"3.639",
"358","3.668",,"0.178",
"359","0.165",,"0.374",
"360","0.223",,"0.463",
"361","0.344",,"0.254",
"362","0.403",,"4.644",
"363","4.732",,"0.837",
"364","0.254",,"4.100",
"365","0.524",,"0.284",
"366","4.115",,"0.313",
"367","0.254",,"0.120",
"368","0.254",,"0.090",
"369","0.283",,"3.757",
"370","0.105",,"0.239",
"371","3.413",,"0.090",
"372","0.448",,"3.626",
"373","0.254",,"0.360",
"374","3.506",,"0.044",
"375","0.255",,"0.119",
"376","0.299",,"5.419",
"377","0.029",,"0.615",
"378","5.403",,"0.269",
"379","0.195",,"0.195",
"380","0.644",,"0.059",
"381","0.314",,"3.639",
"382","0.090",,"0.270",
"383","3.311",,"0.269",
"384","0.403",,"0.059",
"385","0.225",,"5.448",
"386","0.283",,"0.285",
"387","5.269",,"0.313",
"388","0.314",,"0.224",
"389","0.315",,"0.120",
"390","0.238",,"31.232",
"391","0.224",,"0.345",
"392","31.128",,"6.302",
"393","0.344",,"0.357",
"394","5.974",,"4.389",
"395","0.597",,"0.254",
"396","4.494",,"0.314",
"397","0.209",,"4.072",
"398","0.313",,"0.568",
"399","3.999",,"0.043",
"400","0.374",,"24.345",
"401","0.478",,"0.434",
"402","24.120",,"0.209",
"403","0.389",,"5.030",
"404","0.360",,"0.674",
"405","4.926",,"0.103",
"406","0.373",,"32.383",
"407","0.567",,"0.524",
"408","0.030",,"0.358",
"409","32.323",,"0.164",
"410","0.568",,"6.319",
"411","0.254",,"0.360",
"412","0.285",,"0.195",
"413","6.243",,"6.811",
"414","0.254",,"0.447",
"415","0.359",,"0.089",
"416","6.632",,"18.715",
"417","0.373",,"0.269",
"418","0.389",,"0.195",
"419","17.997",,"6.781",
"420","0.822",,"0.240",
"421","0.298",,"0.090",
"422","6.721",,"0.134",
"423","0.254",,"0.195",
"424","0.180",,"16.408",
"425","0.074",,"0.884",
"426","0.149",,"6.645",
"427","16.544",,"0.269",
"428","0.704",,"2.139",
"429","6.735",,"0.283",
"430","0.195",,"0.450",
"431","2.168",,"4.925",
"432","0.225",,"0.450",
"433","0.358",,"0.076",
"434","5.061",,"0.163",
"435","0.240",,"4.625",
"436","0.406",,"0.465",
"437","0.059",,"0.389",
"438","4.549",,"0.254",
"439","0.480",,"3.878",
"440","0.285",,"0.837",
"441","0.478",,"0.434",
"442","3.831",,"0.045",
"443","0.825",,"0.044",
"444","0.269",,"0.389",
"445","0.345",,"0.178",
"446","0.044",,"6.528",
"447","0.223",,"0.239",
"448","0.270",,"0.360",
"449","6.466",,"0.104",
"450","0.209",,"0.105",
"451","0.254",,"8.555",
"452","0.345",,"0.208",
"453","0.119",,"0.389",
"454","8.240",,"0.119",
"455","0.449",,"17.524",
"456","0.134",,"0.344",
"457","0.464",,"0.105",
"458","17.240",,"0.134",
"459","0.448",,"0.208",
"460","0.254",,"0.240",
"461","0.060",,"0.060",
"462","0.238",,"0.254",
"463","0.195",,"9.091",
"464","0.164",,"0.238",
"465","0.180",,"0.418",
"466","8.986",,"12.520",
"467","0.329",,"0.448",
"468","0.208",,"0.163",
"469","12.625",,"0.044",
"470","0.477",,"6.288",
"471","0.240",,"0.449",
"472","0.134",,"17.824",
"473","6.093",,"0.075",
"474","0.329",,"0.463",
"475","18.018",,"0.299",
"476","0.181",,"0.254",
"477","0.359",,"6.184",
"478","0.299",,"0.298",
"479","0.238",,"0.254",
"480","6.245",,"0.150",
"481","0.283",,"4.029",
"482","0.210",,"0.299",
"483","0.299",,"0.149",
"484","3.955",,"0.134",
"485","0.239",,"5.171",
"486","0.284",,"0.269",
"487","0.075",,"0.450",
"488","5.050",,"0.209",
"489","0.345",,"0.090",
"490","0.435",,"5.481",
"491","0.284",,"0.240",
"492","0.134",,"0.524",
"493","5.391",,"0.194",
"494","0.315",,"3.909",
"495","0.164",,"0.567",
"496","0.509",,"0.134",
"497","3.834",,"5.373",
"498","0.299",,"0.553",
"499","0.493",,"0.359",
"500","5.208",,"7.520",
"501","0.643",,"112.492",
"502","0.269",,"0.493",
"503","7.610",,"0.359",
"504","111.667",,"0.165",
"505","1.198",,"19.153",
"506","0.450",,"0.403",
"507","0.240",,"0.343",
"508","18.448",,"0.255",
"509","0.899",,"0.119",
"510","0.030",,"8.035",
"511","0.298",,"51.933",
"512","0.463",,"0.315",
"513","0.210",,"0.313",
"514","8.019",,"0.195",
"515","51.634",,"0.298",
"516","0.418",,"8.225",
"517","0.301",,"0.613",
"518","0.358",,"4.912",
"519","0.299",,"0.420",
"520","8.151",,"1.916",
"521","0.298",,"5.436",
"522","5.240",,"0.329",
"523","0.210",,"0.388",
"524","1.977",,"4.360",
"525","5.407",,"0.359",
"526","0.463",,"0.540",
"527","0.344",,"85.650",
"528","4.479",,"0.449",
"529","0.345",,"0.298",
"530","0.284",,"0.253",
"531","85.800",,"9.566",
"532","0.464",,"0.493",
"533","0.328",,"0.134",
"534","0.298",,"5.750",
"535","9.506",,"0.315",
"536","0.358",,"0.179",
"537","0.390",,"5.228",
"538","5.704",,"0.390",
"539","0.283",,"0.075",
"540","0.194",,"5.480",
"541","5.168",,"0.480",
"542","0.315",,"5.561",
"543","0.315",,"0.644",
"544","5.375",,"0.104",
"545","0.299",,"0.269",
"546","5.757",,"0.193",
"547","0.240",,"3.611",
"548","0.598",,"0.479",
"549","0.194",,"0.163",
"550","0.254",,"6.053",
"551","3.519",,"0.329",
"552","0.240",,"0.224",
"553","0.449",,"0.253",
"554","5.978",,"9.211",
"555","0.298",,"0.194",
"556","0.254",,"0.240",
"557","0.388",,"0.254",
"558","8.163",,"0.165",
"559","1.168",,"0.120",
"560","0.194",,"0.075",
"561","0.255",,"0.163",
"562","0.194",,"0.134",
"563","0.180",,"8.370",
"564","0.074",,"0.524",
"565","0.164",,"0.327",
"566","0.180",,"0.151",
"567","8.206",,"6.520",
"568","0.553",,"0.644",
"569","0.284",,"0.164",
"570","0.240",,"0.344",
"571","6.596",,"0.164",
"572","0.509",,"0.224",
"573","0.299",,"0.254",
"574","0.045",,"0.178",
"575","0.403",,"67.676",
"576","0.194",,"0.148",
"577","0.298",,"0.164",
"578","0.193",,"9.858",
"579","67.616",,"0.419",
"580","0.253",,"0.375",
"581","0.029",,"6.200",
"582","9.947",,"0.568",
"583","0.300",,"0.269",
"584","0.375",,"8.317",
"585","6.304",,"0.374",
"586","0.449",,"0.225",
"587","0.315",,"8.464",
"588","8.047",,"0.389",
"589","0.554",,"0.329",
"590","0.344",,"7.073",
"591","8.361",,"0.419",
"592","0.253",,"0.209",
"593","0.419",,"8.371",
"594","6.219",,"0.330",
"595","0.959",,"0.163",
"596","0.419",,"0.403",
"597","0.328",,"26.703",
"598","8.282",,"0.134",
"599","0.314",,"0.193",
"600","0.239",,"7.154",
"601","0.299",,"0.163",
"602","25.684",,"5.167",
"603","1.288",,"0.224",
"604","0.134",,"0.134",
"605","6.632",,"4.509",
"606","0.777",,"1.018",
"607","5.017",,"0.420",
"608","0.224",,"0.194",
"609","0.285",,"7.625",
"610","4.358",,"0.391",
"611","1.108",,"5.735",
"612","0.224",,"0.449",
"613","0.359",,"0.328",
"614","7.611",,"0.298",
"615","0.375",,"5.410",
"616","5.796",,"0.344",
"617","0.405",,"0.105",
"618","0.328",,"0.209",
"619","0.357",,"0.540",
"620","5.380",,"0.433",
"621","0.328",,"6.918",
"622","0.134",,"0.433",
"623","0.149",,"6.934",
"624","0.615",,"0.298",
"625","0.449",,"0.059",
"626","6.889",,"0.075",
"627","0.373",,"4.762",
"628","6.949",,"0.390",
"629","0.269",,"6.632",
"630","0.194",,"0.314",
"631","0.045",,"0.898",
"632","4.553",,"14.063",
"633","0.404",,"0.554",
"634","6.633",,"0.328",
"635","0.404",,"9.448",
"636","0.926",,"0.374",
"637","14.169",,"0.493",
"638","0.418",,"0.298",
"639","0.315",,"8.852",
"640","9.507",,"0.209",
"641","0.343",,"5.598",
"642","0.584",,"0.179",
"643","0.209",,"0.269",
"644","8.642",,"8.971",
"645","0.404",,"0.539",
"646","5.657",,"0.240",
"647","0.150",,"18.528",
"648","0.298",,"0.330",
"649","8.971",,"0.509",
"650","0.420",,"8.517",
"651","0.344",,"0.465",
"652","18.259",,"0.178",
"653","0.524",,"110.321",
"654","0.614",,"0.419",
"655","8.322",,"0.628",
"656","0.480",,"0.867",
"657","0.299",,"7.038",
"658","110.155",,"0.150",
"659","0.464",,"0.298",
"660","0.792",,"6.246",
"661","0.883",,"5.932",
"662","6.769",,"0.209",
"663","0.374",,"0.524",
"664","0.374",,"5.853",
"665","6.067",,"0.374",
"666","6.020",,"0.196",
"667","0.284",,"7.996",
"668","0.433",,"0.435",
"669","5.750",,"0.283",
"670","0.403",,"5.719",
"671","0.405",,"0.210",
"672","7.876",,"0.073",
"673","0.298",,"0.105",
"674","0.376",,"8.745",
"675","5.375",,"0.134",
"676","0.597",,"0.105",
"677","0.164",,"7.326",
"678","0.088",,"0.269",
"679","8.535",,"5.961",
"680","0.388",,"0.418",
"681","0.075",,"0.344",
"682","7.163",,"0.298",
"683","0.314",,"0.151",
"684","6.081",,"5.630",
"685","0.328",,"0.208",
"686","0.314",,"0.134",
"687","0.314",,"7.875",
"688","0.210",,"0.269",
"689","5.555",,"0.254",
"690","0.269",,"0.119",
"691","0.179",,"8.775",
"692","7.769",,"0.447",
"693","0.254",,"0.345",
"694","0.284",,"5.059",
"695","0.179",,"0.403",
"696","8.579",,"0.270",
"697","0.584",,"31.394",
"698","0.314",,"0.794",
"699","5.045",,"1.107",
"700","0.448",,"10.818",
"701","0.254",,"0.343",
"702","31.514",,"0.465",
"703","0.690",,"9.870",
"704","0.778",,"0.105",
"705","11.087",,"0.298",
"706","0.358",,"10.240",
"707","0.494",,"0.389",
"708","9.960",,"0.913",
"709","0.150",,"7.412",
"710","0.193",,"0.329",
"711","10.270",,"0.478",
"712","0.329",,"7.098",
"713","0.942",,"0.240",
"714","7.261",,"0.134",
"715","0.404",,"6.337",
"716","0.344",,"0.463",
"717","7.219",,"0.194",
"718","0.313",,"9.755",
"719","0.240",,"1.049",
"720","6.157",,"0.195",
"721","0.509",,"6.293",
"722","0.298",,"0.433",
"723","9.755",,"0.554",
"724","1.110",,"7.771",
"725","0.059",,"0.538",
"726","6.009",,"0.255",
"727","0.554",,"0.240",
"728","0.732",,"0.328",
"729","7.770",,"11.545",
"730","0.539",,"11.645",
"731","0.316",,"0.421",
"732","0.254",,"0.240",
"733","0.329",,"271.989",
"734","11.558",,"0.344",
"735","11.526",,"1.409",
"736","0.375",,"15.431",
"737","0.286",,"0.284",
"738","271.646",,"0.119",
"739","0.717",,"0.119",
"740","0.988",,"13.472",
"741","15.820",,"0.223",
"742","0.373",,"18.414",
"743","0.119",,"0.480",
"744","0.135",,"0.644",
"745","13.322",,"0.255",
"746","0.269",,"9.256",
"747","18.458",,"0.299",
"748","0.359",,"0.358",
"749","0.765",,"10.565",
"750","0.255",,"0.345",
"751","9.286",,"7.039",
"752","0.239",,"0.404",
"753","0.299",,"0.298",
"754","10.655",,"9.128",
"755","0.284",,"0.554",
"756","7.130",,"0.255",
"757","0.315",,"7.552",
"758","0.328",,"0.450",
"759","9.234",,"0.134",
"760","0.298",,"23.288",
"761","0.404",,"0.389",
"762","7.552",,"0.358",
"763","0.315",,"0.269",
"764","0.300",,"8.876",
"765","23.197",,"0.329",
"766","0.403",,"0.074",
"767","0.405",,"0.088",
"768","0.298",,"0.345",
"769","8.951",,"5.574",
"770","0.179",,"0.599",
"771","0.240",,"0.148",
"772","0.059",,"4.724",
"773","0.344",,"0.390",
"774","5.545",,"0.329",
"775","0.523",,"6.726",
"776","0.269",,"0.344",
"777","4.693",,"0.568",
"778","0.239",,"17.728",
"779","0.360",,"0.389",
"780","6.802",,"0.345",
"781","0.299",,"0.688",
"782","0.614",,"6.954",
"783","17.803",,"0.434",
"784","0.283",,"0.149",
"785","0.360",,"11.054",
"786","0.673",,"0.719",
"787","6.970",,"14.351",
"788","0.388",,"0.464",
"789","0.285",,"0.239",
"790","10.873",,"0.389",
"791","0.733",,"10.510",
"792","14.157",,"0.269",
"793","0.554",,"7.324",
"794","0.374",,"0.179",
"795","0.493",,"0.418",
"796","10.421",,"0.105",
"797","0.284",,"0.268",
"798","7.278",,"239.624",
"799","0.298",,"12.311",
"800","0.418",,"0.418",
"801","0.120",,"0.255",
"802","0.208",,"11.994",
"803","239.505",,"0.375",
"804","12.266",,"0.329",
"805","0.585",,"19.047",
"806","0.223",,"0.360",
"807","12.115",,"0.387",
"808","0.313",,"11.641",
"809","0.284",,"0.568",
"810","19.034",,"0.539",
"811","0.299",,"12.771",
"812","0.552",,"0.255",
"813","11.641",,"0.375",
"814","0.523",,"14.126",
"815","0.435",,"0.403",
"816","12.832",,"1.603",
"817","0.284",,"0.179",
"818","0.285",,"13.150",
"819","14.276",,"0.345",
"820","0.269",,"0.420",
"821","1.543",,"9.943",
"822","0.284",,"0.388",
"823","13.030",,"15.306",
"824","0.418",,"0.702",
"825","0.495",,"0.705",
"826","9.973",,"11.402",
"827","0.298",,"0.224",
"828","15.336",,"0.284",
"829","0.612",,"18.956",
"830","0.704",,"1.168",
"831","11.327",,"0.433",
"832","0.495",,"17.217",
"833","0.178",,"0.495",
"834","18.865",,"0.254",
"835","1.258",,"8.432",
"836","0.539",,"0.089",
"837","17.112",,"0.493",
"838","0.329",,"0.434",
"839","0.389",,"36.918",
"840","8.478",,"0.748",
"841","0.134",,"10.858",
"842","0.418",,"0.329",
"843","0.404",,"0.419",
"844","37.009",,"93.787",
"845","0.284",,"0.643",
"846","11.036",,"0.673",
"847","0.480",,"36.753",
"848","0.480",,"0.403",
"849","93.907",,"4.474",
"850","0.255",,"22.217",
"851","0.882",,"0.418",
"852","36.916",,"0.224",
"853","0.284",,"135.302",
"854","4.505",,"0.884",
"855","22.202",,"0.612",
"856","0.284",,"28.628",
"857","0.389",,"0.449",
"858","135.362",,"0.253",
"859","0.764",,"44.096",
"860","0.627",,"2.454",
"861","28.762",,"0.285",
"862","0.358",,"19.806",
"863","0.298",,"0.373",
"864","44.067",,"0.164",
"865","2.470",,"12.695",
"866","0.209",,"0.688",
"867","19.851",,"0.285",
"868","0.314",,"11.920",
"869","0.284",,"0.344",
"870","12.574",,"0.373",
"871","0.330",,"102.880",
"872","0.673",,"0.389",
"873","12.011",,"0.253",
"874","0.359",,"12.759",
"875","0.329",,"39.632",
"876","101.875",,"0.089",
"877","1.317",,"13.461",
"878","0.269",,"0.374",
"879","12.639",,"0.210",
"880","39.856",,,
"881","0.105",,,
"882","13.206",,,
"883","0.404",,,
"884","0.328",,,
